starttime	seconds	ctime	dtime	ttime	wait
Mon Apr 16 12:30:38 2018	1523903438	0	9	9	9
Mon Apr 16 12:30:37 2018	1523903437	0	10	10	10
Mon Apr 16 12:30:38 2018	1523903438	0	11	11	11
Mon Apr 16 12:30:36 2018	1523903436	0	11	11	8
Mon Apr 16 12:30:38 2018	1523903438	1	10	11	10
Mon Apr 16 12:30:37 2018	1523903437	0	12	12	11
Mon Apr 16 12:30:38 2018	1523903438	0	12	12	12
Mon Apr 16 12:30:37 2018	1523903437	0	12	12	12
Mon Apr 16 12:30:37 2018	1523903437	1	12	12	12
Mon Apr 16 12:30:37 2018	1523903437	0	13	13	13
Mon Apr 16 12:30:37 2018	1523903437	0	13	13	13
Mon Apr 16 12:30:37 2018	1523903437	0	13	13	13
Mon Apr 16 12:30:37 2018	1523903437	0	13	13	13
Mon Apr 16 12:30:38 2018	1523903438	0	14	14	14
Mon Apr 16 12:30:38 2018	1523903438	0	14	14	14
Mon Apr 16 12:30:37 2018	1523903437	0	14	14	13
Mon Apr 16 12:30:37 2018	1523903437	0	15	15	15
Mon Apr 16 12:30:38 2018	1523903438	1	14	15	14
Mon Apr 16 12:30:37 2018	1523903437	0	15	15	15
Mon Apr 16 12:30:37 2018	1523903437	0	15	15	15
Mon Apr 16 12:30:37 2018	1523903437	0	15	15	15
Mon Apr 16 12:30:38 2018	1523903438	0	15	15	15
Mon Apr 16 12:30:37 2018	1523903437	0	15	15	15
Mon Apr 16 12:30:37 2018	1523903437	0	16	16	16
Mon Apr 16 12:30:37 2018	1523903437	0	16	16	16
Mon Apr 16 12:30:37 2018	1523903437	0	16	16	16
Mon Apr 16 12:30:37 2018	1523903437	0	16	16	16
Mon Apr 16 12:30:38 2018	1523903438	0	16	16	16
Mon Apr 16 12:30:38 2018	1523903438	1	16	17	16
Mon Apr 16 12:30:37 2018	1523903437	1	16	17	16
Mon Apr 16 12:30:38 2018	1523903438	0	17	17	17
Mon Apr 16 12:30:37 2018	1523903437	1	16	17	16
Mon Apr 16 12:30:38 2018	1523903438	0	18	18	18
Mon Apr 16 12:30:37 2018	1523903437	0	18	18	18
Mon Apr 16 12:30:37 2018	1523903437	1	17	18	17
Mon Apr 16 12:30:38 2018	1523903438	1	17	18	17
Mon Apr 16 12:30:38 2018	1523903438	0	18	18	18
Mon Apr 16 12:30:38 2018	1523903438	0	18	18	18
Mon Apr 16 12:30:38 2018	1523903438	0	18	18	18
Mon Apr 16 12:30:37 2018	1523903437	0	18	18	18
Mon Apr 16 12:30:37 2018	1523903437	0	18	18	18
Mon Apr 16 12:30:39 2018	1523903439	0	18	18	18
Mon Apr 16 12:30:39 2018	1523903439	0	18	18	18
Mon Apr 16 12:30:38 2018	1523903438	0	18	18	18
Mon Apr 16 12:30:37 2018	1523903437	0	18	18	18
Mon Apr 16 12:30:38 2018	1523903438	0	19	19	19
Mon Apr 16 12:30:37 2018	1523903437	0	19	19	19
Mon Apr 16 12:30:37 2018	1523903437	0	19	19	19
Mon Apr 16 12:30:38 2018	1523903438	0	19	19	19
Mon Apr 16 12:30:37 2018	1523903437	0	19	19	19
Mon Apr 16 12:30:38 2018	1523903438	0	19	19	19
Mon Apr 16 12:30:39 2018	1523903439	1	18	19	18
Mon Apr 16 12:30:37 2018	1523903437	1	18	19	18
Mon Apr 16 12:30:37 2018	1523903437	0	19	19	19
Mon Apr 16 12:30:38 2018	1523903438	0	19	19	19
Mon Apr 16 12:30:37 2018	1523903437	0	19	19	19
Mon Apr 16 12:30:38 2018	1523903438	0	19	19	19
Mon Apr 16 12:30:38 2018	1523903438	0	19	19	19
Mon Apr 16 12:30:40 2018	1523903440	1	18	19	18
Mon Apr 16 12:30:38 2018	1523903438	1	19	20	18
Mon Apr 16 12:30:38 2018	1523903438	0	20	20	20
Mon Apr 16 12:30:40 2018	1523903440	0	20	20	20
Mon Apr 16 12:30:37 2018	1523903437	0	20	20	20
Mon Apr 16 12:30:38 2018	1523903438	0	20	20	20
Mon Apr 16 12:30:38 2018	1523903438	0	20	20	20
Mon Apr 16 12:30:37 2018	1523903437	0	20	20	20
Mon Apr 16 12:30:37 2018	1523903437	0	20	20	20
Mon Apr 16 12:30:40 2018	1523903440	0	20	20	20
Mon Apr 16 12:30:37 2018	1523903437	1	19	20	19
Mon Apr 16 12:30:38 2018	1523903438	0	20	20	20
Mon Apr 16 12:30:38 2018	1523903438	0	21	21	21
Mon Apr 16 12:30:38 2018	1523903438	0	21	21	20
Mon Apr 16 12:30:39 2018	1523903439	0	21	21	21
Mon Apr 16 12:30:40 2018	1523903440	0	21	21	21
Mon Apr 16 12:30:38 2018	1523903438	1	20	21	20
Mon Apr 16 12:30:40 2018	1523903440	1	20	21	20
Mon Apr 16 12:30:39 2018	1523903439	0	21	21	21
Mon Apr 16 12:30:37 2018	1523903437	0	21	21	21
Mon Apr 16 12:30:40 2018	1523903440	0	21	21	21
Mon Apr 16 12:30:37 2018	1523903437	0	21	21	21
Mon Apr 16 12:30:40 2018	1523903440	0	21	21	21
Mon Apr 16 12:30:37 2018	1523903437	0	21	21	20
Mon Apr 16 12:30:37 2018	1523903437	0	21	21	21
Mon Apr 16 12:30:37 2018	1523903437	0	21	21	21
Mon Apr 16 12:30:40 2018	1523903440	0	22	22	22
Mon Apr 16 12:30:40 2018	1523903440	0	22	22	22
Mon Apr 16 12:30:40 2018	1523903440	0	22	22	22
Mon Apr 16 12:30:38 2018	1523903438	0	22	22	22
Mon Apr 16 12:30:38 2018	1523903438	0	22	22	22
Mon Apr 16 12:30:38 2018	1523903438	0	22	22	22
Mon Apr 16 12:30:38 2018	1523903438	0	22	22	22
Mon Apr 16 12:30:40 2018	1523903440	0	22	22	22
Mon Apr 16 12:30:40 2018	1523903440	0	22	22	22
Mon Apr 16 12:30:37 2018	1523903437	0	22	22	22
Mon Apr 16 12:30:40 2018	1523903440	0	22	22	22
Mon Apr 16 12:30:38 2018	1523903438	0	22	22	22
Mon Apr 16 12:30:40 2018	1523903440	0	22	22	22
Mon Apr 16 12:30:40 2018	1523903440	1	21	22	21
Mon Apr 16 12:30:40 2018	1523903440	1	21	22	21
Mon Apr 16 12:30:38 2018	1523903438	1	21	22	21
Mon Apr 16 12:30:37 2018	1523903437	0	22	22	22
Mon Apr 16 12:30:37 2018	1523903437	0	22	22	22
Mon Apr 16 12:30:39 2018	1523903439	0	22	22	22
Mon Apr 16 12:30:37 2018	1523903437	0	22	22	22
Mon Apr 16 12:30:37 2018	1523903437	1	21	22	21
Mon Apr 16 12:30:37 2018	1523903437	0	22	22	22
Mon Apr 16 12:30:38 2018	1523903438	0	22	22	22
Mon Apr 16 12:30:37 2018	1523903437	0	22	22	22
Mon Apr 16 12:30:38 2018	1523903438	0	22	22	22
Mon Apr 16 12:30:38 2018	1523903438	0	22	22	22
Mon Apr 16 12:30:39 2018	1523903439	0	22	22	22
Mon Apr 16 12:30:40 2018	1523903440	0	22	22	22
Mon Apr 16 12:30:38 2018	1523903438	0	22	22	22
Mon Apr 16 12:30:38 2018	1523903438	1	22	22	22
Mon Apr 16 12:30:38 2018	1523903438	0	22	22	22
Mon Apr 16 12:30:40 2018	1523903440	1	22	22	22
Mon Apr 16 12:30:37 2018	1523903437	0	22	22	22
Mon Apr 16 12:30:39 2018	1523903439	0	22	22	22
Mon Apr 16 12:30:38 2018	1523903438	0	22	22	22
Mon Apr 16 12:30:40 2018	1523903440	0	22	22	22
Mon Apr 16 12:30:38 2018	1523903438	1	22	22	22
Mon Apr 16 12:30:38 2018	1523903438	0	22	22	22
Mon Apr 16 12:30:40 2018	1523903440	1	22	22	22
Mon Apr 16 12:30:38 2018	1523903438	1	22	22	22
Mon Apr 16 12:30:38 2018	1523903438	0	22	22	22
Mon Apr 16 12:30:37 2018	1523903437	0	22	22	22
Mon Apr 16 12:30:38 2018	1523903438	0	22	22	22
Mon Apr 16 12:30:39 2018	1523903439	1	22	22	22
Mon Apr 16 12:30:37 2018	1523903437	0	23	23	23
Mon Apr 16 12:30:38 2018	1523903438	0	23	23	23
Mon Apr 16 12:30:38 2018	1523903438	0	23	23	23
Mon Apr 16 12:30:39 2018	1523903439	0	23	23	23
Mon Apr 16 12:30:40 2018	1523903440	1	22	23	22
Mon Apr 16 12:30:39 2018	1523903439	0	23	23	23
Mon Apr 16 12:30:40 2018	1523903440	0	23	23	23
Mon Apr 16 12:30:38 2018	1523903438	0	23	23	23
Mon Apr 16 12:30:39 2018	1523903439	0	23	23	23
Mon Apr 16 12:30:39 2018	1523903439	0	23	23	23
Mon Apr 16 12:30:38 2018	1523903438	0	23	23	23
Mon Apr 16 12:30:37 2018	1523903437	0	23	23	23
Mon Apr 16 12:30:37 2018	1523903437	0	23	23	23
Mon Apr 16 12:30:39 2018	1523903439	0	23	23	23
Mon Apr 16 12:30:40 2018	1523903440	1	22	23	22
Mon Apr 16 12:30:38 2018	1523903438	1	22	23	22
Mon Apr 16 12:30:39 2018	1523903439	1	22	23	22
Mon Apr 16 12:30:40 2018	1523903440	1	22	23	22
Mon Apr 16 12:30:40 2018	1523903440	0	23	23	23
Mon Apr 16 12:30:38 2018	1523903438	0	23	23	23
Mon Apr 16 12:30:40 2018	1523903440	0	23	23	23
Mon Apr 16 12:30:38 2018	1523903438	0	23	23	23
Mon Apr 16 12:30:38 2018	1523903438	0	23	23	23
Mon Apr 16 12:30:38 2018	1523903438	0	23	23	23
Mon Apr 16 12:30:40 2018	1523903440	0	23	23	23
Mon Apr 16 12:30:40 2018	1523903440	0	23	23	23
Mon Apr 16 12:30:40 2018	1523903440	0	23	23	23
Mon Apr 16 12:30:38 2018	1523903438	0	23	23	23
Mon Apr 16 12:30:38 2018	1523903438	0	23	23	23
Mon Apr 16 12:30:38 2018	1523903438	1	22	23	22
Mon Apr 16 12:30:37 2018	1523903437	1	23	24	23
Mon Apr 16 12:30:40 2018	1523903440	0	24	24	24
Mon Apr 16 12:30:40 2018	1523903440	0	24	24	24
Mon Apr 16 12:30:38 2018	1523903438	0	24	24	24
Mon Apr 16 12:30:39 2018	1523903439	1	23	24	23
Mon Apr 16 12:30:37 2018	1523903437	0	24	24	23
Mon Apr 16 12:30:37 2018	1523903437	0	24	24	24
Mon Apr 16 12:30:38 2018	1523903438	1	23	24	23
Mon Apr 16 12:30:38 2018	1523903438	1	23	24	23
Mon Apr 16 12:30:38 2018	1523903438	0	24	24	24
Mon Apr 16 12:30:38 2018	1523903438	1	23	24	23
Mon Apr 16 12:30:40 2018	1523903440	0	24	24	24
Mon Apr 16 12:30:38 2018	1523903438	1	23	24	22
Mon Apr 16 12:30:40 2018	1523903440	0	24	24	24
Mon Apr 16 12:30:39 2018	1523903439	0	24	24	24
Mon Apr 16 12:30:39 2018	1523903439	0	24	24	24
Mon Apr 16 12:30:38 2018	1523903438	0	24	24	24
Mon Apr 16 12:30:38 2018	1523903438	0	24	24	24
Mon Apr 16 12:30:38 2018	1523903438	0	24	24	24
Mon Apr 16 12:30:38 2018	1523903438	0	24	24	24
Mon Apr 16 12:30:40 2018	1523903440	0	24	24	24
Mon Apr 16 12:30:39 2018	1523903439	0	24	24	24
Mon Apr 16 12:30:40 2018	1523903440	0	24	24	24
Mon Apr 16 12:30:39 2018	1523903439	0	24	24	24
Mon Apr 16 12:30:38 2018	1523903438	0	24	24	24
Mon Apr 16 12:30:37 2018	1523903437	0	24	24	24
Mon Apr 16 12:30:38 2018	1523903438	0	24	24	24
Mon Apr 16 12:30:40 2018	1523903440	0	24	24	24
Mon Apr 16 12:30:40 2018	1523903440	1	23	24	23
Mon Apr 16 12:30:37 2018	1523903437	0	24	24	24
Mon Apr 16 12:30:37 2018	1523903437	1	23	24	23
Mon Apr 16 12:30:38 2018	1523903438	0	24	24	24
Mon Apr 16 12:30:37 2018	1523903437	0	24	24	24
Mon Apr 16 12:30:40 2018	1523903440	0	24	24	24
Mon Apr 16 12:30:40 2018	1523903440	0	24	24	24
Mon Apr 16 12:30:39 2018	1523903439	1	23	24	23
Mon Apr 16 12:30:37 2018	1523903437	0	25	25	25
Mon Apr 16 12:30:37 2018	1523903437	0	25	25	25
Mon Apr 16 12:30:40 2018	1523903440	1	24	25	24
Mon Apr 16 12:30:38 2018	1523903438	0	25	25	25
Mon Apr 16 12:30:40 2018	1523903440	0	25	25	25
Mon Apr 16 12:30:38 2018	1523903438	0	25	25	25
Mon Apr 16 12:30:40 2018	1523903440	0	25	25	25
Mon Apr 16 12:30:37 2018	1523903437	0	25	25	25
Mon Apr 16 12:30:38 2018	1523903438	1	24	25	24
Mon Apr 16 12:30:38 2018	1523903438	1	24	25	24
Mon Apr 16 12:30:38 2018	1523903438	0	25	25	25
Mon Apr 16 12:30:38 2018	1523903438	0	25	25	25
Mon Apr 16 12:30:38 2018	1523903438	0	25	25	25
Mon Apr 16 12:30:38 2018	1523903438	0	25	25	25
Mon Apr 16 12:30:40 2018	1523903440	1	24	25	24
Mon Apr 16 12:30:38 2018	1523903438	1	24	25	24
Mon Apr 16 12:30:38 2018	1523903438	0	25	25	25
Mon Apr 16 12:30:38 2018	1523903438	0	25	25	24
Mon Apr 16 12:30:40 2018	1523903440	0	25	25	24
Mon Apr 16 12:30:40 2018	1523903440	0	25	25	25
Mon Apr 16 12:30:40 2018	1523903440	0	25	25	24
Mon Apr 16 12:30:39 2018	1523903439	0	25	25	25
Mon Apr 16 12:30:40 2018	1523903440	0	25	25	25
Mon Apr 16 12:30:39 2018	1523903439	0	25	25	25
Mon Apr 16 12:30:40 2018	1523903440	0	25	25	25
Mon Apr 16 12:30:40 2018	1523903440	0	25	25	25
Mon Apr 16 12:30:38 2018	1523903438	0	25	25	25
Mon Apr 16 12:30:37 2018	1523903437	0	25	25	25
Mon Apr 16 12:30:40 2018	1523903440	0	25	25	25
Mon Apr 16 12:30:38 2018	1523903438	0	25	25	25
Mon Apr 16 12:30:39 2018	1523903439	0	25	25	25
Mon Apr 16 12:30:38 2018	1523903438	0	25	25	25
Mon Apr 16 12:30:38 2018	1523903438	0	25	25	25
Mon Apr 16 12:30:38 2018	1523903438	0	25	25	25
Mon Apr 16 12:30:37 2018	1523903437	0	25	25	25
Mon Apr 16 12:30:37 2018	1523903437	1	25	26	25
Mon Apr 16 12:30:37 2018	1523903437	1	26	26	26
Mon Apr 16 12:30:40 2018	1523903440	0	26	26	26
Mon Apr 16 12:30:39 2018	1523903439	1	25	26	24
Mon Apr 16 12:30:38 2018	1523903438	0	26	26	25
Mon Apr 16 12:30:37 2018	1523903437	1	25	26	25
Mon Apr 16 12:30:40 2018	1523903440	0	26	26	26
Mon Apr 16 12:30:39 2018	1523903439	1	25	26	25
Mon Apr 16 12:30:40 2018	1523903440	0	26	26	25
Mon Apr 16 12:30:37 2018	1523903437	0	26	26	26
Mon Apr 16 12:30:39 2018	1523903439	1	25	26	25
Mon Apr 16 12:30:39 2018	1523903439	0	26	26	26
Mon Apr 16 12:30:39 2018	1523903439	1	25	26	25
Mon Apr 16 12:30:40 2018	1523903440	0	26	26	26
Mon Apr 16 12:30:39 2018	1523903439	0	26	26	26
Mon Apr 16 12:30:38 2018	1523903438	1	25	26	25
Mon Apr 16 12:30:38 2018	1523903438	0	26	26	26
Mon Apr 16 12:30:40 2018	1523903440	1	25	26	25
Mon Apr 16 12:30:38 2018	1523903438	0	26	26	26
Mon Apr 16 12:30:39 2018	1523903439	0	26	26	26
Mon Apr 16 12:30:39 2018	1523903439	1	25	26	25
Mon Apr 16 12:30:38 2018	1523903438	0	26	26	26
Mon Apr 16 12:30:38 2018	1523903438	0	26	26	26
Mon Apr 16 12:30:38 2018	1523903438	0	26	26	26
Mon Apr 16 12:30:38 2018	1523903438	0	26	26	26
Mon Apr 16 12:30:40 2018	1523903440	0	26	26	26
Mon Apr 16 12:30:39 2018	1523903439	0	26	26	26
Mon Apr 16 12:30:37 2018	1523903437	0	26	26	26
Mon Apr 16 12:30:38 2018	1523903438	0	26	26	26
Mon Apr 16 12:30:39 2018	1523903439	0	26	26	26
Mon Apr 16 12:30:38 2018	1523903438	0	26	26	26
Mon Apr 16 12:30:38 2018	1523903438	0	26	26	26
Mon Apr 16 12:30:38 2018	1523903438	0	26	26	26
Mon Apr 16 12:30:39 2018	1523903439	0	26	26	26
Mon Apr 16 12:30:38 2018	1523903438	0	26	26	26
Mon Apr 16 12:30:40 2018	1523903440	0	26	26	26
Mon Apr 16 12:30:38 2018	1523903438	0	26	26	26
Mon Apr 16 12:30:38 2018	1523903438	0	26	26	26
Mon Apr 16 12:30:40 2018	1523903440	0	26	26	26
Mon Apr 16 12:30:40 2018	1523903440	0	26	26	26
Mon Apr 16 12:30:38 2018	1523903438	0	26	26	26
Mon Apr 16 12:30:38 2018	1523903438	0	26	26	26
Mon Apr 16 12:30:40 2018	1523903440	0	26	26	26
Mon Apr 16 12:30:37 2018	1523903437	0	26	26	26
Mon Apr 16 12:30:39 2018	1523903439	1	25	26	25
Mon Apr 16 12:30:38 2018	1523903438	1	25	26	25
Mon Apr 16 12:30:37 2018	1523903437	1	25	26	25
Mon Apr 16 12:30:38 2018	1523903438	0	26	26	26
Mon Apr 16 12:30:38 2018	1523903438	1	25	26	25
Mon Apr 16 12:30:40 2018	1523903440	1	25	26	25
Mon Apr 16 12:30:38 2018	1523903438	0	26	26	26
Mon Apr 16 12:30:40 2018	1523903440	0	26	26	26
Mon Apr 16 12:30:40 2018	1523903440	0	26	26	26
Mon Apr 16 12:30:40 2018	1523903440	0	26	26	26
Mon Apr 16 12:30:38 2018	1523903438	0	26	26	26
Mon Apr 16 12:30:40 2018	1523903440	0	26	26	26
Mon Apr 16 12:30:38 2018	1523903438	0	26	26	26
Mon Apr 16 12:30:40 2018	1523903440	0	26	26	26
Mon Apr 16 12:30:39 2018	1523903439	0	26	26	26
Mon Apr 16 12:30:39 2018	1523903439	0	26	26	26
Mon Apr 16 12:30:37 2018	1523903437	0	27	27	27
Mon Apr 16 12:30:37 2018	1523903437	0	27	27	26
Mon Apr 16 12:30:37 2018	1523903437	0	27	27	27
Mon Apr 16 12:30:37 2018	1523903437	0	27	27	27
Mon Apr 16 12:30:40 2018	1523903440	0	27	27	27
Mon Apr 16 12:30:39 2018	1523903439	0	27	27	27
Mon Apr 16 12:30:40 2018	1523903440	1	26	27	26
Mon Apr 16 12:30:38 2018	1523903438	0	27	27	27
Mon Apr 16 12:30:40 2018	1523903440	0	27	27	27
Mon Apr 16 12:30:38 2018	1523903438	0	27	27	27
Mon Apr 16 12:30:38 2018	1523903438	0	27	27	27
Mon Apr 16 12:30:40 2018	1523903440	0	27	27	27
Mon Apr 16 12:30:37 2018	1523903437	0	27	27	27
Mon Apr 16 12:30:38 2018	1523903438	0	27	27	27
Mon Apr 16 12:30:39 2018	1523903439	0	27	27	27
Mon Apr 16 12:30:38 2018	1523903438	0	27	27	26
Mon Apr 16 12:30:36 2018	1523903436	1	26	27	26
Mon Apr 16 12:30:38 2018	1523903438	1	26	27	26
Mon Apr 16 12:30:39 2018	1523903439	0	27	27	27
Mon Apr 16 12:30:39 2018	1523903439	0	27	27	25
Mon Apr 16 12:30:40 2018	1523903440	1	26	27	26
Mon Apr 16 12:30:40 2018	1523903440	0	27	27	27
Mon Apr 16 12:30:39 2018	1523903439	0	27	27	27
Mon Apr 16 12:30:38 2018	1523903438	0	27	27	27
Mon Apr 16 12:30:38 2018	1523903438	0	27	27	27
Mon Apr 16 12:30:39 2018	1523903439	0	27	27	27
Mon Apr 16 12:30:38 2018	1523903438	0	27	27	27
Mon Apr 16 12:30:38 2018	1523903438	0	27	27	27
Mon Apr 16 12:30:38 2018	1523903438	0	27	27	27
Mon Apr 16 12:30:37 2018	1523903437	0	27	27	27
Mon Apr 16 12:30:38 2018	1523903438	0	27	27	27
Mon Apr 16 12:30:39 2018	1523903439	0	27	27	27
Mon Apr 16 12:30:38 2018	1523903438	0	27	27	27
Mon Apr 16 12:30:40 2018	1523903440	0	27	27	27
Mon Apr 16 12:30:40 2018	1523903440	0	27	27	27
Mon Apr 16 12:30:38 2018	1523903438	0	27	27	27
Mon Apr 16 12:30:40 2018	1523903440	0	27	27	27
Mon Apr 16 12:30:39 2018	1523903439	0	27	27	27
Mon Apr 16 12:30:38 2018	1523903438	0	27	27	27
Mon Apr 16 12:30:38 2018	1523903438	0	27	27	27
Mon Apr 16 12:30:38 2018	1523903438	0	27	27	27
Mon Apr 16 12:30:40 2018	1523903440	0	27	27	27
Mon Apr 16 12:30:38 2018	1523903438	0	27	27	27
Mon Apr 16 12:30:38 2018	1523903438	0	27	27	27
Mon Apr 16 12:30:40 2018	1523903440	0	27	27	27
Mon Apr 16 12:30:39 2018	1523903439	0	27	27	27
Mon Apr 16 12:30:37 2018	1523903437	0	27	27	27
Mon Apr 16 12:30:39 2018	1523903439	0	27	27	27
Mon Apr 16 12:30:37 2018	1523903437	0	28	28	28
Mon Apr 16 12:30:37 2018	1523903437	0	28	28	28
Mon Apr 16 12:30:37 2018	1523903437	0	28	28	28
Mon Apr 16 12:30:39 2018	1523903439	0	28	28	28
Mon Apr 16 12:30:40 2018	1523903440	1	27	28	27
Mon Apr 16 12:30:39 2018	1523903439	1	27	28	27
Mon Apr 16 12:30:40 2018	1523903440	0	28	28	28
Mon Apr 16 12:30:38 2018	1523903438	0	28	28	28
Mon Apr 16 12:30:38 2018	1523903438	0	28	28	28
Mon Apr 16 12:30:38 2018	1523903438	0	28	28	28
Mon Apr 16 12:30:40 2018	1523903440	1	27	28	27
Mon Apr 16 12:30:39 2018	1523903439	0	28	28	28
Mon Apr 16 12:30:38 2018	1523903438	1	27	28	27
Mon Apr 16 12:30:40 2018	1523903440	0	28	28	28
Mon Apr 16 12:30:38 2018	1523903438	0	28	28	28
Mon Apr 16 12:30:40 2018	1523903440	0	28	28	28
Mon Apr 16 12:30:38 2018	1523903438	0	28	28	28
Mon Apr 16 12:30:38 2018	1523903438	0	28	28	28
Mon Apr 16 12:30:40 2018	1523903440	0	28	28	28
Mon Apr 16 12:30:37 2018	1523903437	0	28	28	28
Mon Apr 16 12:30:40 2018	1523903440	1	27	28	27
Mon Apr 16 12:30:37 2018	1523903437	0	28	28	28
Mon Apr 16 12:30:37 2018	1523903437	0	28	28	28
Mon Apr 16 12:30:39 2018	1523903439	0	28	28	28
Mon Apr 16 12:30:38 2018	1523903438	0	28	28	28
Mon Apr 16 12:30:39 2018	1523903439	0	28	28	28
Mon Apr 16 12:30:39 2018	1523903439	0	28	28	28
Mon Apr 16 12:30:38 2018	1523903438	1	27	28	27
Mon Apr 16 12:30:40 2018	1523903440	0	28	28	28
Mon Apr 16 12:30:38 2018	1523903438	0	28	28	28
Mon Apr 16 12:30:40 2018	1523903440	1	27	28	27
Mon Apr 16 12:30:40 2018	1523903440	1	27	28	27
Mon Apr 16 12:30:37 2018	1523903437	0	28	28	28
Mon Apr 16 12:30:40 2018	1523903440	1	27	28	27
Mon Apr 16 12:30:39 2018	1523903439	1	27	28	27
Mon Apr 16 12:30:38 2018	1523903438	0	28	28	28
Mon Apr 16 12:30:40 2018	1523903440	0	28	28	28
Mon Apr 16 12:30:40 2018	1523903440	1	27	28	27
Mon Apr 16 12:30:40 2018	1523903440	1	27	28	27
Mon Apr 16 12:30:39 2018	1523903439	1	27	28	27
Mon Apr 16 12:30:37 2018	1523903437	0	28	28	28
Mon Apr 16 12:30:37 2018	1523903437	1	28	29	28
Mon Apr 16 12:30:40 2018	1523903440	0	29	29	29
Mon Apr 16 12:30:40 2018	1523903440	0	29	29	28
Mon Apr 16 12:30:39 2018	1523903439	0	29	29	29
Mon Apr 16 12:30:38 2018	1523903438	1	28	29	28
Mon Apr 16 12:30:39 2018	1523903439	0	29	29	29
Mon Apr 16 12:30:39 2018	1523903439	0	29	29	29
Mon Apr 16 12:30:37 2018	1523903437	0	29	29	27
Mon Apr 16 12:30:38 2018	1523903438	0	29	29	29
Mon Apr 16 12:30:39 2018	1523903439	0	29	29	29
Mon Apr 16 12:30:38 2018	1523903438	0	29	29	29
Mon Apr 16 12:30:39 2018	1523903439	0	29	29	29
Mon Apr 16 12:30:40 2018	1523903440	1	28	29	28
Mon Apr 16 12:30:39 2018	1523903439	1	28	29	28
Mon Apr 16 12:30:37 2018	1523903437	0	29	29	29
Mon Apr 16 12:30:39 2018	1523903439	0	29	29	29
Mon Apr 16 12:30:39 2018	1523903439	1	28	29	28
Mon Apr 16 12:30:39 2018	1523903439	1	28	29	27
Mon Apr 16 12:30:38 2018	1523903438	0	29	29	29
Mon Apr 16 12:30:38 2018	1523903438	0	29	29	29
Mon Apr 16 12:30:39 2018	1523903439	0	29	29	29
Mon Apr 16 12:30:37 2018	1523903437	0	29	29	29
Mon Apr 16 12:30:39 2018	1523903439	0	29	29	29
Mon Apr 16 12:30:38 2018	1523903438	0	29	29	29
Mon Apr 16 12:30:37 2018	1523903437	0	29	29	29
Mon Apr 16 12:30:38 2018	1523903438	0	29	29	29
Mon Apr 16 12:30:39 2018	1523903439	0	29	29	29
Mon Apr 16 12:30:40 2018	1523903440	0	29	29	29
Mon Apr 16 12:30:40 2018	1523903440	0	29	29	29
Mon Apr 16 12:30:40 2018	1523903440	0	29	29	29
Mon Apr 16 12:30:40 2018	1523903440	0	29	29	29
Mon Apr 16 12:30:40 2018	1523903440	0	29	29	29
Mon Apr 16 12:30:38 2018	1523903438	0	29	29	29
Mon Apr 16 12:30:40 2018	1523903440	0	29	29	29
Mon Apr 16 12:30:39 2018	1523903439	0	29	29	29
Mon Apr 16 12:30:38 2018	1523903438	0	29	29	29
Mon Apr 16 12:30:40 2018	1523903440	0	29	29	29
Mon Apr 16 12:30:39 2018	1523903439	0	29	29	28
Mon Apr 16 12:30:39 2018	1523903439	0	29	29	29
Mon Apr 16 12:30:39 2018	1523903439	0	29	29	29
Mon Apr 16 12:30:40 2018	1523903440	0	29	29	29
Mon Apr 16 12:30:38 2018	1523903438	0	29	29	29
Mon Apr 16 12:30:39 2018	1523903439	0	29	29	29
Mon Apr 16 12:30:37 2018	1523903437	0	30	30	30
Mon Apr 16 12:30:40 2018	1523903440	1	29	30	29
Mon Apr 16 12:30:40 2018	1523903440	1	29	30	29
Mon Apr 16 12:30:39 2018	1523903439	1	29	30	29
Mon Apr 16 12:30:40 2018	1523903440	1	29	30	29
Mon Apr 16 12:30:37 2018	1523903437	0	30	30	30
Mon Apr 16 12:30:40 2018	1523903440	0	30	30	30
Mon Apr 16 12:30:39 2018	1523903439	0	30	30	30
Mon Apr 16 12:30:39 2018	1523903439	0	30	30	30
Mon Apr 16 12:30:40 2018	1523903440	0	30	30	30
Mon Apr 16 12:30:40 2018	1523903440	0	30	30	30
Mon Apr 16 12:30:38 2018	1523903438	0	30	30	30
Mon Apr 16 12:30:39 2018	1523903439	0	30	30	30
Mon Apr 16 12:30:38 2018	1523903438	0	30	30	30
Mon Apr 16 12:30:37 2018	1523903437	0	30	30	30
Mon Apr 16 12:30:39 2018	1523903439	0	30	30	30
Mon Apr 16 12:30:38 2018	1523903438	0	30	30	30
Mon Apr 16 12:30:39 2018	1523903439	0	30	30	30
Mon Apr 16 12:30:40 2018	1523903440	0	30	30	30
Mon Apr 16 12:30:40 2018	1523903440	0	30	30	30
Mon Apr 16 12:30:38 2018	1523903438	0	30	30	30
Mon Apr 16 12:30:37 2018	1523903437	0	30	30	30
Mon Apr 16 12:30:38 2018	1523903438	0	30	30	30
Mon Apr 16 12:30:38 2018	1523903438	0	30	30	30
Mon Apr 16 12:30:39 2018	1523903439	0	30	30	30
Mon Apr 16 12:30:39 2018	1523903439	0	30	30	30
Mon Apr 16 12:30:39 2018	1523903439	0	30	30	30
Mon Apr 16 12:30:39 2018	1523903439	0	30	30	30
Mon Apr 16 12:30:38 2018	1523903438	0	30	30	30
Mon Apr 16 12:30:40 2018	1523903440	0	30	30	30
Mon Apr 16 12:30:38 2018	1523903438	0	31	31	31
Mon Apr 16 12:30:39 2018	1523903439	0	31	31	31
Mon Apr 16 12:30:39 2018	1523903439	0	31	31	31
Mon Apr 16 12:30:38 2018	1523903438	0	31	31	31
Mon Apr 16 12:30:38 2018	1523903438	1	30	31	30
Mon Apr 16 12:30:39 2018	1523903439	0	31	31	30
Mon Apr 16 12:30:40 2018	1523903440	0	31	31	30
Mon Apr 16 12:30:38 2018	1523903438	0	31	31	31
Mon Apr 16 12:30:40 2018	1523903440	0	31	31	31
Mon Apr 16 12:30:40 2018	1523903440	0	31	31	31
Mon Apr 16 12:30:38 2018	1523903438	0	31	31	31
Mon Apr 16 12:30:40 2018	1523903440	0	31	31	31
Mon Apr 16 12:30:38 2018	1523903438	0	31	31	31
Mon Apr 16 12:30:38 2018	1523903438	1	30	31	30
Mon Apr 16 12:30:38 2018	1523903438	0	31	31	31
Mon Apr 16 12:30:38 2018	1523903438	0	31	31	31
Mon Apr 16 12:30:40 2018	1523903440	0	31	31	31
Mon Apr 16 12:30:38 2018	1523903438	0	31	31	31
Mon Apr 16 12:30:39 2018	1523903439	1	30	31	30
Mon Apr 16 12:30:38 2018	1523903438	0	31	31	31
Mon Apr 16 12:30:40 2018	1523903440	0	31	31	31
Mon Apr 16 12:30:40 2018	1523903440	0	31	31	31
Mon Apr 16 12:30:40 2018	1523903440	1	30	31	30
Mon Apr 16 12:30:37 2018	1523903437	1	30	31	30
Mon Apr 16 12:30:39 2018	1523903439	0	31	31	31
Mon Apr 16 12:30:39 2018	1523903439	0	31	31	31
Mon Apr 16 12:30:39 2018	1523903439	1	30	31	30
Mon Apr 16 12:30:38 2018	1523903438	1	30	31	30
Mon Apr 16 12:30:40 2018	1523903440	0	31	31	31
Mon Apr 16 12:30:37 2018	1523903437	0	31	31	31
Mon Apr 16 12:30:37 2018	1523903437	0	31	31	31
Mon Apr 16 12:30:40 2018	1523903440	0	32	32	32
Mon Apr 16 12:30:39 2018	1523903439	0	32	32	32
Mon Apr 16 12:30:39 2018	1523903439	0	32	32	32
Mon Apr 16 12:30:39 2018	1523903439	0	32	32	32
Mon Apr 16 12:30:40 2018	1523903440	1	31	32	31
Mon Apr 16 12:30:39 2018	1523903439	0	32	32	32
Mon Apr 16 12:30:39 2018	1523903439	0	32	32	32
Mon Apr 16 12:30:38 2018	1523903438	1	31	32	31
Mon Apr 16 12:30:40 2018	1523903440	0	32	32	32
Mon Apr 16 12:30:38 2018	1523903438	0	32	32	32
Mon Apr 16 12:30:38 2018	1523903438	0	32	32	32
Mon Apr 16 12:30:39 2018	1523903439	0	32	32	32
Mon Apr 16 12:30:37 2018	1523903437	0	32	32	32
Mon Apr 16 12:30:38 2018	1523903438	0	32	32	32
Mon Apr 16 12:30:37 2018	1523903437	0	32	32	31
Mon Apr 16 12:30:38 2018	1523903438	0	32	32	32
Mon Apr 16 12:30:39 2018	1523903439	1	31	32	31
Mon Apr 16 12:30:40 2018	1523903440	0	32	32	32
Mon Apr 16 12:30:39 2018	1523903439	1	31	32	31
Mon Apr 16 12:30:36 2018	1523903436	0	32	32	32
Mon Apr 16 12:30:40 2018	1523903440	0	32	32	32
Mon Apr 16 12:30:40 2018	1523903440	1	31	32	31
Mon Apr 16 12:30:39 2018	1523903439	0	32	32	32
Mon Apr 16 12:30:39 2018	1523903439	0	32	32	32
Mon Apr 16 12:30:40 2018	1523903440	0	32	32	32
Mon Apr 16 12:30:38 2018	1523903438	0	32	32	32
Mon Apr 16 12:30:39 2018	1523903439	1	31	32	31
Mon Apr 16 12:30:37 2018	1523903437	0	33	33	33
Mon Apr 16 12:30:37 2018	1523903437	0	33	33	33
Mon Apr 16 12:30:37 2018	1523903437	0	33	33	33
Mon Apr 16 12:30:38 2018	1523903438	1	32	33	32
Mon Apr 16 12:30:39 2018	1523903439	0	33	33	33
Mon Apr 16 12:30:39 2018	1523903439	0	33	33	33
Mon Apr 16 12:30:38 2018	1523903438	1	32	33	32
Mon Apr 16 12:30:39 2018	1523903439	0	33	33	33
Mon Apr 16 12:30:37 2018	1523903437	0	33	33	33
Mon Apr 16 12:30:39 2018	1523903439	0	33	33	32
Mon Apr 16 12:30:39 2018	1523903439	0	33	33	33
Mon Apr 16 12:30:39 2018	1523903439	0	33	33	33
Mon Apr 16 12:30:40 2018	1523903440	0	33	33	33
Mon Apr 16 12:30:39 2018	1523903439	0	33	33	33
Mon Apr 16 12:30:39 2018	1523903439	0	33	33	33
Mon Apr 16 12:30:40 2018	1523903440	0	33	33	33
Mon Apr 16 12:30:39 2018	1523903439	0	33	33	33
Mon Apr 16 12:30:40 2018	1523903440	0	33	33	32
Mon Apr 16 12:30:38 2018	1523903438	0	33	33	33
Mon Apr 16 12:30:39 2018	1523903439	1	32	33	31
Mon Apr 16 12:30:39 2018	1523903439	0	33	33	33
Mon Apr 16 12:30:40 2018	1523903440	0	33	33	33
Mon Apr 16 12:30:38 2018	1523903438	0	33	33	33
Mon Apr 16 12:30:40 2018	1523903440	0	33	33	33
Mon Apr 16 12:30:39 2018	1523903439	0	33	33	33
Mon Apr 16 12:30:37 2018	1523903437	0	33	33	33
Mon Apr 16 12:30:39 2018	1523903439	1	32	33	32
Mon Apr 16 12:30:39 2018	1523903439	0	33	33	33
Mon Apr 16 12:30:37 2018	1523903437	0	34	34	34
Mon Apr 16 12:30:37 2018	1523903437	1	34	34	34
Mon Apr 16 12:30:38 2018	1523903438	0	34	34	34
Mon Apr 16 12:30:39 2018	1523903439	0	34	34	34
Mon Apr 16 12:30:40 2018	1523903440	0	34	34	34
Mon Apr 16 12:30:39 2018	1523903439	1	33	34	33
Mon Apr 16 12:30:38 2018	1523903438	0	34	34	34
Mon Apr 16 12:30:40 2018	1523903440	0	34	34	34
Mon Apr 16 12:30:40 2018	1523903440	0	34	34	34
Mon Apr 16 12:30:39 2018	1523903439	0	34	34	34
Mon Apr 16 12:30:37 2018	1523903437	0	34	34	33
Mon Apr 16 12:30:40 2018	1523903440	0	34	34	34
Mon Apr 16 12:30:38 2018	1523903438	0	34	34	34
Mon Apr 16 12:30:39 2018	1523903439	0	34	34	34
Mon Apr 16 12:30:37 2018	1523903437	0	34	34	34
Mon Apr 16 12:30:40 2018	1523903440	0	34	34	34
Mon Apr 16 12:30:38 2018	1523903438	0	34	34	34
Mon Apr 16 12:30:40 2018	1523903440	0	34	34	34
Mon Apr 16 12:30:40 2018	1523903440	0	34	34	34
Mon Apr 16 12:30:39 2018	1523903439	0	34	34	34
Mon Apr 16 12:30:40 2018	1523903440	0	34	34	34
Mon Apr 16 12:30:38 2018	1523903438	0	34	34	34
Mon Apr 16 12:30:39 2018	1523903439	0	34	34	34
Mon Apr 16 12:30:40 2018	1523903440	0	34	34	34
Mon Apr 16 12:30:39 2018	1523903439	0	34	34	34
Mon Apr 16 12:30:39 2018	1523903439	1	33	34	33
Mon Apr 16 12:30:38 2018	1523903438	0	34	34	34
Mon Apr 16 12:30:40 2018	1523903440	1	33	34	33
Mon Apr 16 12:30:40 2018	1523903440	0	34	34	34
Mon Apr 16 12:30:39 2018	1523903439	0	34	34	34
Mon Apr 16 12:30:38 2018	1523903438	0	35	35	35
Mon Apr 16 12:30:40 2018	1523903440	1	34	35	33
Mon Apr 16 12:30:40 2018	1523903440	1	34	35	34
Mon Apr 16 12:30:39 2018	1523903439	0	35	35	35
Mon Apr 16 12:30:40 2018	1523903440	1	34	35	34
Mon Apr 16 12:30:38 2018	1523903438	0	35	35	35
Mon Apr 16 12:30:38 2018	1523903438	1	34	35	34
Mon Apr 16 12:30:39 2018	1523903439	1	34	35	34
Mon Apr 16 12:30:38 2018	1523903438	0	35	35	35
Mon Apr 16 12:30:38 2018	1523903438	0	35	35	35
Mon Apr 16 12:30:40 2018	1523903440	0	35	35	35
Mon Apr 16 12:30:39 2018	1523903439	0	35	35	35
Mon Apr 16 12:30:39 2018	1523903439	0	35	35	35
Mon Apr 16 12:30:38 2018	1523903438	0	35	35	35
Mon Apr 16 12:30:39 2018	1523903439	0	35	35	34
Mon Apr 16 12:30:38 2018	1523903438	1	34	35	34
Mon Apr 16 12:30:37 2018	1523903437	0	35	35	35
Mon Apr 16 12:30:37 2018	1523903437	0	35	35	35
Mon Apr 16 12:30:39 2018	1523903439	1	34	35	34
Mon Apr 16 12:30:40 2018	1523903440	0	35	35	35
Mon Apr 16 12:30:39 2018	1523903439	0	35	35	35
Mon Apr 16 12:30:38 2018	1523903438	0	35	35	35
Mon Apr 16 12:30:39 2018	1523903439	0	35	35	35
Mon Apr 16 12:30:39 2018	1523903439	0	35	35	35
Mon Apr 16 12:30:40 2018	1523903440	0	35	35	35
Mon Apr 16 12:30:37 2018	1523903437	1	34	35	34
Mon Apr 16 12:30:40 2018	1523903440	0	35	35	35
Mon Apr 16 12:30:37 2018	1523903437	0	35	35	35
Mon Apr 16 12:30:39 2018	1523903439	0	36	36	36
Mon Apr 16 12:30:38 2018	1523903438	1	35	36	35
Mon Apr 16 12:30:40 2018	1523903440	1	35	36	35
Mon Apr 16 12:30:38 2018	1523903438	0	36	36	36
Mon Apr 16 12:30:39 2018	1523903439	1	35	36	35
Mon Apr 16 12:30:38 2018	1523903438	0	36	36	36
Mon Apr 16 12:30:39 2018	1523903439	0	36	36	35
Mon Apr 16 12:30:40 2018	1523903440	1	35	36	35
Mon Apr 16 12:30:38 2018	1523903438	1	35	36	35
Mon Apr 16 12:30:39 2018	1523903439	0	36	36	36
Mon Apr 16 12:30:38 2018	1523903438	0	36	36	36
Mon Apr 16 12:30:39 2018	1523903439	0	36	36	36
Mon Apr 16 12:30:38 2018	1523903438	0	36	36	36
Mon Apr 16 12:30:40 2018	1523903440	0	36	36	36
Mon Apr 16 12:30:38 2018	1523903438	0	36	36	35
Mon Apr 16 12:30:39 2018	1523903439	1	35	36	35
Mon Apr 16 12:30:37 2018	1523903437	0	36	36	36
Mon Apr 16 12:30:37 2018	1523903437	0	37	37	37
Mon Apr 16 12:30:38 2018	1523903438	0	37	37	37
Mon Apr 16 12:30:37 2018	1523903437	0	37	37	37
Mon Apr 16 12:30:40 2018	1523903440	0	37	37	37
Mon Apr 16 12:30:38 2018	1523903438	0	37	37	37
Mon Apr 16 12:30:40 2018	1523903440	0	37	37	37
Mon Apr 16 12:30:39 2018	1523903439	0	37	37	37
Mon Apr 16 12:30:37 2018	1523903437	0	37	37	37
Mon Apr 16 12:30:40 2018	1523903440	0	37	37	37
Mon Apr 16 12:30:39 2018	1523903439	0	37	37	37
Mon Apr 16 12:30:37 2018	1523903437	0	37	37	37
Mon Apr 16 12:30:38 2018	1523903438	1	36	37	36
Mon Apr 16 12:30:38 2018	1523903438	0	37	37	37
Mon Apr 16 12:30:38 2018	1523903438	0	37	37	37
Mon Apr 16 12:30:39 2018	1523903439	0	37	37	37
Mon Apr 16 12:30:39 2018	1523903439	0	37	37	37
Mon Apr 16 12:30:39 2018	1523903439	0	37	37	37
Mon Apr 16 12:30:39 2018	1523903439	0	37	37	37
Mon Apr 16 12:30:40 2018	1523903440	0	37	37	37
Mon Apr 16 12:30:37 2018	1523903437	0	38	38	38
Mon Apr 16 12:30:38 2018	1523903438	1	37	38	37
Mon Apr 16 12:30:39 2018	1523903439	0	38	38	38
Mon Apr 16 12:30:40 2018	1523903440	0	38	38	38
Mon Apr 16 12:30:40 2018	1523903440	0	38	38	38
Mon Apr 16 12:30:40 2018	1523903440	1	37	38	37
Mon Apr 16 12:30:39 2018	1523903439	1	37	38	37
Mon Apr 16 12:30:37 2018	1523903437	0	38	38	38
Mon Apr 16 12:30:40 2018	1523903440	0	38	38	38
Mon Apr 16 12:30:40 2018	1523903440	0	38	38	38
Mon Apr 16 12:30:39 2018	1523903439	0	38	38	38
Mon Apr 16 12:30:40 2018	1523903440	1	37	38	37
Mon Apr 16 12:30:37 2018	1523903437	0	38	38	38
Mon Apr 16 12:30:37 2018	1523903437	0	38	38	38
Mon Apr 16 12:30:40 2018	1523903440	0	38	38	38
Mon Apr 16 12:30:38 2018	1523903438	0	38	38	38
Mon Apr 16 12:30:39 2018	1523903439	0	38	38	38
Mon Apr 16 12:30:38 2018	1523903438	0	38	38	38
Mon Apr 16 12:30:37 2018	1523903437	0	38	38	38
Mon Apr 16 12:30:40 2018	1523903440	0	38	38	38
Mon Apr 16 12:30:40 2018	1523903440	0	38	38	38
Mon Apr 16 12:30:40 2018	1523903440	1	37	38	37
Mon Apr 16 12:30:38 2018	1523903438	0	39	39	39
Mon Apr 16 12:30:38 2018	1523903438	1	38	39	38
Mon Apr 16 12:30:39 2018	1523903439	0	39	39	39
Mon Apr 16 12:30:38 2018	1523903438	0	39	39	39
Mon Apr 16 12:30:36 2018	1523903436	1	38	39	38
Mon Apr 16 12:30:38 2018	1523903438	0	39	39	38
Mon Apr 16 12:30:39 2018	1523903439	0	39	39	39
Mon Apr 16 12:30:39 2018	1523903439	0	39	39	38
Mon Apr 16 12:30:39 2018	1523903439	0	39	39	39
Mon Apr 16 12:30:38 2018	1523903438	1	38	39	38
Mon Apr 16 12:30:38 2018	1523903438	0	39	39	39
Mon Apr 16 12:30:37 2018	1523903437	0	40	40	40
Mon Apr 16 12:30:40 2018	1523903440	0	40	40	40
Mon Apr 16 12:30:38 2018	1523903438	0	40	40	40
Mon Apr 16 12:30:39 2018	1523903439	0	40	40	40
Mon Apr 16 12:30:37 2018	1523903437	0	40	40	40
Mon Apr 16 12:30:38 2018	1523903438	0	40	40	40
Mon Apr 16 12:30:38 2018	1523903438	1	39	40	39
Mon Apr 16 12:30:40 2018	1523903440	0	40	40	40
Mon Apr 16 12:30:38 2018	1523903438	1	39	40	39
Mon Apr 16 12:30:38 2018	1523903438	1	39	40	39
Mon Apr 16 12:30:39 2018	1523903439	1	39	40	39
Mon Apr 16 12:30:37 2018	1523903437	0	40	40	40
Mon Apr 16 12:30:39 2018	1523903439	0	40	40	40
Mon Apr 16 12:30:39 2018	1523903439	0	40	40	40
Mon Apr 16 12:30:37 2018	1523903437	0	40	40	40
Mon Apr 16 12:30:39 2018	1523903439	0	40	40	40
Mon Apr 16 12:30:38 2018	1523903438	0	40	40	40
Mon Apr 16 12:30:39 2018	1523903439	0	40	40	40
Mon Apr 16 12:30:39 2018	1523903439	0	40	40	40
Mon Apr 16 12:30:38 2018	1523903438	0	40	40	40
Mon Apr 16 12:30:38 2018	1523903438	0	40	40	40
Mon Apr 16 12:30:38 2018	1523903438	0	40	40	40
Mon Apr 16 12:30:37 2018	1523903437	0	40	40	40
Mon Apr 16 12:30:37 2018	1523903437	0	41	41	41
Mon Apr 16 12:30:39 2018	1523903439	1	40	41	40
Mon Apr 16 12:30:39 2018	1523903439	1	40	41	40
Mon Apr 16 12:30:39 2018	1523903439	0	41	41	41
Mon Apr 16 12:30:37 2018	1523903437	1	40	41	40
Mon Apr 16 12:30:39 2018	1523903439	0	41	41	40
Mon Apr 16 12:30:39 2018	1523903439	0	41	41	41
Mon Apr 16 12:30:39 2018	1523903439	0	41	41	41
Mon Apr 16 12:30:39 2018	1523903439	0	41	41	41
Mon Apr 16 12:30:40 2018	1523903440	0	41	41	41
Mon Apr 16 12:30:38 2018	1523903438	0	41	41	41
Mon Apr 16 12:30:37 2018	1523903437	0	41	41	41
Mon Apr 16 12:30:37 2018	1523903437	1	40	41	40
Mon Apr 16 12:30:37 2018	1523903437	0	42	42	42
Mon Apr 16 12:30:37 2018	1523903437	0	42	42	42
Mon Apr 16 12:30:40 2018	1523903440	1	41	42	41
Mon Apr 16 12:30:38 2018	1523903438	0	42	42	42
Mon Apr 16 12:30:39 2018	1523903439	0	42	42	42
Mon Apr 16 12:30:39 2018	1523903439	0	42	42	42
Mon Apr 16 12:30:39 2018	1523903439	1	41	42	41
Mon Apr 16 12:30:38 2018	1523903438	1	41	42	41
Mon Apr 16 12:30:38 2018	1523903438	0	42	42	42
Mon Apr 16 12:30:40 2018	1523903440	0	42	42	42
Mon Apr 16 12:30:38 2018	1523903438	0	42	42	42
Mon Apr 16 12:30:40 2018	1523903440	0	42	42	42
Mon Apr 16 12:30:40 2018	1523903440	0	42	42	42
Mon Apr 16 12:30:37 2018	1523903437	0	42	42	42
Mon Apr 16 12:30:40 2018	1523903440	0	43	43	43
Mon Apr 16 12:30:37 2018	1523903437	0	43	43	43
Mon Apr 16 12:30:37 2018	1523903437	1	42	43	42
Mon Apr 16 12:30:40 2018	1523903440	1	42	43	42
Mon Apr 16 12:30:39 2018	1523903439	0	43	43	43
Mon Apr 16 12:30:39 2018	1523903439	1	42	43	42
Mon Apr 16 12:30:38 2018	1523903438	1	42	43	42
Mon Apr 16 12:30:37 2018	1523903437	1	42	43	42
Mon Apr 16 12:30:39 2018	1523903439	0	43	43	43
Mon Apr 16 12:30:38 2018	1523903438	0	43	43	43
Mon Apr 16 12:30:40 2018	1523903440	0	43	43	43
Mon Apr 16 12:30:37 2018	1523903437	0	43	43	43
Mon Apr 16 12:30:40 2018	1523903440	0	43	43	43
Mon Apr 16 12:30:39 2018	1523903439	0	43	43	43
Mon Apr 16 12:30:38 2018	1523903438	0	43	43	43
Mon Apr 16 12:30:40 2018	1523903440	0	43	43	43
Mon Apr 16 12:30:37 2018	1523903437	0	43	43	43
Mon Apr 16 12:30:37 2018	1523903437	1	43	44	43
Mon Apr 16 12:30:40 2018	1523903440	0	44	44	44
Mon Apr 16 12:30:39 2018	1523903439	0	44	44	44
Mon Apr 16 12:30:39 2018	1523903439	0	44	44	44
Mon Apr 16 12:30:38 2018	1523903438	0	44	44	44
Mon Apr 16 12:30:40 2018	1523903440	0	44	44	44
Mon Apr 16 12:30:40 2018	1523903440	0	44	44	44
Mon Apr 16 12:30:38 2018	1523903438	0	44	44	44
Mon Apr 16 12:30:39 2018	1523903439	0	44	44	44
Mon Apr 16 12:30:38 2018	1523903438	0	44	44	44
Mon Apr 16 12:30:36 2018	1523903436	0	44	44	44
Mon Apr 16 12:30:40 2018	1523903440	0	44	44	44
Mon Apr 16 12:30:40 2018	1523903440	0	44	44	44
Mon Apr 16 12:30:37 2018	1523903437	0	45	45	45
Mon Apr 16 12:30:39 2018	1523903439	0	45	45	45
Mon Apr 16 12:30:37 2018	1523903437	0	45	45	43
Mon Apr 16 12:30:38 2018	1523903438	0	45	45	45
Mon Apr 16 12:30:39 2018	1523903439	1	44	45	44
Mon Apr 16 12:30:39 2018	1523903439	0	45	45	45
Mon Apr 16 12:30:39 2018	1523903439	0	45	45	45
Mon Apr 16 12:30:39 2018	1523903439	1	44	45	44
Mon Apr 16 12:30:40 2018	1523903440	0	45	45	45
Mon Apr 16 12:30:37 2018	1523903437	0	45	45	45
Mon Apr 16 12:30:38 2018	1523903438	0	46	46	46
Mon Apr 16 12:30:38 2018	1523903438	0	46	46	46
Mon Apr 16 12:30:40 2018	1523903440	1	45	46	45
Mon Apr 16 12:30:40 2018	1523903440	0	46	46	46
Mon Apr 16 12:30:40 2018	1523903440	0	46	46	46
Mon Apr 16 12:30:37 2018	1523903437	1	45	46	45
Mon Apr 16 12:30:40 2018	1523903440	1	45	46	45
Mon Apr 16 12:30:38 2018	1523903438	0	46	46	46
Mon Apr 16 12:30:39 2018	1523903439	0	46	46	46
Mon Apr 16 12:30:39 2018	1523903439	0	46	46	46
Mon Apr 16 12:30:38 2018	1523903438	0	46	46	46
Mon Apr 16 12:30:38 2018	1523903438	0	46	46	46
Mon Apr 16 12:30:38 2018	1523903438	0	46	46	46
Mon Apr 16 12:30:39 2018	1523903439	0	46	46	46
Mon Apr 16 12:30:39 2018	1523903439	0	46	46	45
Mon Apr 16 12:30:40 2018	1523903440	0	46	46	46
Mon Apr 16 12:30:39 2018	1523903439	0	46	46	46
Mon Apr 16 12:30:37 2018	1523903437	1	46	47	46
Mon Apr 16 12:30:39 2018	1523903439	1	46	47	46
Mon Apr 16 12:30:40 2018	1523903440	0	47	47	47
Mon Apr 16 12:30:40 2018	1523903440	0	47	47	47
Mon Apr 16 12:30:39 2018	1523903439	0	47	47	47
Mon Apr 16 12:30:39 2018	1523903439	0	47	47	47
Mon Apr 16 12:30:38 2018	1523903438	0	47	47	47
Mon Apr 16 12:30:38 2018	1523903438	0	47	47	47
Mon Apr 16 12:30:40 2018	1523903440	0	47	47	47
Mon Apr 16 12:30:38 2018	1523903438	0	47	47	47
Mon Apr 16 12:30:39 2018	1523903439	0	47	47	47
Mon Apr 16 12:30:39 2018	1523903439	1	46	47	46
Mon Apr 16 12:30:38 2018	1523903438	1	46	47	46
Mon Apr 16 12:30:38 2018	1523903438	0	47	47	47
Mon Apr 16 12:30:37 2018	1523903437	0	47	47	47
Mon Apr 16 12:30:38 2018	1523903438	0	47	47	47
Mon Apr 16 12:30:38 2018	1523903438	0	47	47	47
Mon Apr 16 12:30:37 2018	1523903437	1	46	47	46
Mon Apr 16 12:30:38 2018	1523903438	0	48	48	48
Mon Apr 16 12:30:40 2018	1523903440	0	48	48	48
Mon Apr 16 12:30:40 2018	1523903440	0	48	48	48
Mon Apr 16 12:30:40 2018	1523903440	0	48	48	48
Mon Apr 16 12:30:38 2018	1523903438	0	48	48	48
Mon Apr 16 12:30:39 2018	1523903439	0	48	48	48
Mon Apr 16 12:30:40 2018	1523903440	0	48	48	48
Mon Apr 16 12:30:37 2018	1523903437	1	47	48	46
Mon Apr 16 12:30:39 2018	1523903439	0	49	49	49
Mon Apr 16 12:30:38 2018	1523903438	1	48	49	48
Mon Apr 16 12:30:39 2018	1523903439	0	49	49	49
Mon Apr 16 12:30:40 2018	1523903440	0	49	49	49
Mon Apr 16 12:30:40 2018	1523903440	0	49	49	49
Mon Apr 16 12:30:38 2018	1523903438	0	49	49	49
Mon Apr 16 12:30:38 2018	1523903438	0	49	49	49
Mon Apr 16 12:30:40 2018	1523903440	0	49	49	48
Mon Apr 16 12:30:40 2018	1523903440	0	49	49	49
Mon Apr 16 12:30:37 2018	1523903437	1	49	50	49
Mon Apr 16 12:30:39 2018	1523903439	0	50	50	50
Mon Apr 16 12:30:39 2018	1523903439	0	50	50	50
Mon Apr 16 12:30:39 2018	1523903439	0	50	50	50
Mon Apr 16 12:30:40 2018	1523903440	0	50	50	50
Mon Apr 16 12:30:38 2018	1523903438	0	50	50	50
Mon Apr 16 12:30:40 2018	1523903440	0	50	50	50
Mon Apr 16 12:30:40 2018	1523903440	0	50	50	50
Mon Apr 16 12:30:39 2018	1523903439	1	49	50	49
Mon Apr 16 12:30:37 2018	1523903437	0	50	50	50
Mon Apr 16 12:30:37 2018	1523903437	1	50	50	50
Mon Apr 16 12:30:40 2018	1523903440	1	50	51	50
Mon Apr 16 12:30:39 2018	1523903439	1	50	51	50
Mon Apr 16 12:30:37 2018	1523903437	0	51	51	51
Mon Apr 16 12:30:39 2018	1523903439	0	51	51	51
Mon Apr 16 12:30:39 2018	1523903439	0	51	51	50
Mon Apr 16 12:30:40 2018	1523903440	1	50	51	50
Mon Apr 16 12:30:38 2018	1523903438	0	51	51	51
Mon Apr 16 12:30:39 2018	1523903439	1	50	51	50
Mon Apr 16 12:30:38 2018	1523903438	1	50	51	50
Mon Apr 16 12:30:40 2018	1523903440	0	51	51	51
Mon Apr 16 12:30:39 2018	1523903439	1	51	52	51
Mon Apr 16 12:30:40 2018	1523903440	0	52	52	52
Mon Apr 16 12:30:38 2018	1523903438	0	52	52	52
Mon Apr 16 12:30:38 2018	1523903438	0	52	52	52
Mon Apr 16 12:30:37 2018	1523903437	0	52	52	52
Mon Apr 16 12:30:38 2018	1523903438	1	51	52	51
Mon Apr 16 12:30:39 2018	1523903439	0	52	52	52
Mon Apr 16 12:30:39 2018	1523903439	0	52	52	52
Mon Apr 16 12:30:38 2018	1523903438	0	52	52	52
Mon Apr 16 12:30:38 2018	1523903438	0	52	52	52
Mon Apr 16 12:30:40 2018	1523903440	1	52	53	51
Mon Apr 16 12:30:36 2018	1523903436	0	53	53	53
Mon Apr 16 12:30:39 2018	1523903439	0	53	53	53
Mon Apr 16 12:30:40 2018	1523903440	0	53	53	53
Mon Apr 16 12:30:37 2018	1523903437	1	52	53	52
Mon Apr 16 12:30:40 2018	1523903440	0	53	53	53
Mon Apr 16 12:30:38 2018	1523903438	0	53	53	53
Mon Apr 16 12:30:37 2018	1523903437	1	53	54	53
Mon Apr 16 12:30:38 2018	1523903438	0	54	54	54
Mon Apr 16 12:30:39 2018	1523903439	0	54	54	54
Mon Apr 16 12:30:40 2018	1523903440	0	54	54	54
Mon Apr 16 12:30:37 2018	1523903437	0	54	54	54
Mon Apr 16 12:30:40 2018	1523903440	1	53	54	53
Mon Apr 16 12:30:40 2018	1523903440	0	54	54	54
Mon Apr 16 12:30:40 2018	1523903440	0	55	55	55
Mon Apr 16 12:30:39 2018	1523903439	1	54	55	54
Mon Apr 16 12:30:40 2018	1523903440	1	54	55	54
Mon Apr 16 12:30:39 2018	1523903439	0	55	55	55
Mon Apr 16 12:30:40 2018	1523903440	1	55	56	55
Mon Apr 16 12:30:37 2018	1523903437	0	56	56	56
Mon Apr 16 12:30:40 2018	1523903440	0	56	56	56
Mon Apr 16 12:30:38 2018	1523903438	1	55	56	55
Mon Apr 16 12:30:38 2018	1523903438	0	57	57	57
Mon Apr 16 12:30:37 2018	1523903437	0	57	57	57
Mon Apr 16 12:30:38 2018	1523903438	0	57	57	57
Mon Apr 16 12:30:38 2018	1523903438	0	57	57	57
Mon Apr 16 12:30:39 2018	1523903439	0	58	58	58
Mon Apr 16 12:30:39 2018	1523903439	0	58	58	58
Mon Apr 16 12:30:37 2018	1523903437	0	58	58	58
Mon Apr 16 12:30:37 2018	1523903437	0	58	58	58
Mon Apr 16 12:30:36 2018	1523903436	0	58	58	58
Mon Apr 16 12:30:39 2018	1523903439	0	58	58	58
Mon Apr 16 12:30:39 2018	1523903439	1	58	59	58
Mon Apr 16 12:30:37 2018	1523903437	0	59	59	59
Mon Apr 16 12:30:38 2018	1523903438	0	59	59	59
Mon Apr 16 12:30:38 2018	1523903438	0	59	59	59
Mon Apr 16 12:30:37 2018	1523903437	0	59	59	59
Mon Apr 16 12:30:38 2018	1523903438	0	59	59	59
Mon Apr 16 12:30:40 2018	1523903440	0	59	59	59
Mon Apr 16 12:30:37 2018	1523903437	0	60	60	60
Mon Apr 16 12:30:40 2018	1523903440	1	59	60	59
Mon Apr 16 12:30:37 2018	1523903437	1	59	60	57
Mon Apr 16 12:30:40 2018	1523903440	0	60	60	60
Mon Apr 16 12:30:39 2018	1523903439	0	60	60	60
Mon Apr 16 12:30:39 2018	1523903439	0	60	60	60
Mon Apr 16 12:30:39 2018	1523903439	0	60	60	60
Mon Apr 16 12:30:37 2018	1523903437	0	60	60	60
Mon Apr 16 12:30:38 2018	1523903438	1	60	61	60
Mon Apr 16 12:30:38 2018	1523903438	0	61	61	61
Mon Apr 16 12:30:36 2018	1523903436	0	62	62	62
Mon Apr 16 12:30:38 2018	1523903438	0	62	62	62
Mon Apr 16 12:30:38 2018	1523903438	0	62	62	62
Mon Apr 16 12:30:38 2018	1523903438	0	62	62	62
Mon Apr 16 12:30:37 2018	1523903437	0	63	63	63
Mon Apr 16 12:30:39 2018	1523903439	0	63	63	63
Mon Apr 16 12:30:38 2018	1523903438	1	63	64	63
Mon Apr 16 12:30:37 2018	1523903437	0	64	64	64
Mon Apr 16 12:30:39 2018	1523903439	0	64	64	64
Mon Apr 16 12:30:38 2018	1523903438	0	65	65	64
Mon Apr 16 12:30:39 2018	1523903439	0	65	65	65
Mon Apr 16 12:30:39 2018	1523903439	0	65	65	65
Mon Apr 16 12:30:39 2018	1523903439	0	65	65	65
Mon Apr 16 12:30:40 2018	1523903440	0	66	66	66
Mon Apr 16 12:30:38 2018	1523903438	1	65	66	65
Mon Apr 16 12:30:39 2018	1523903439	0	67	67	67
Mon Apr 16 12:30:40 2018	1523903440	0	67	67	67
Mon Apr 16 12:30:36 2018	1523903436	0	67	67	66
Mon Apr 16 12:30:37 2018	1523903437	1	67	68	67
Mon Apr 16 12:30:37 2018	1523903437	1	67	68	67
Mon Apr 16 12:30:37 2018	1523903437	0	68	68	68
Mon Apr 16 12:30:37 2018	1523903437	0	68	68	68
Mon Apr 16 12:30:39 2018	1523903439	0	68	68	68
Mon Apr 16 12:30:40 2018	1523903440	1	67	68	67
Mon Apr 16 12:30:40 2018	1523903440	0	70	70	70
Mon Apr 16 12:30:37 2018	1523903437	1	69	70	69
Mon Apr 16 12:30:39 2018	1523903439	0	70	70	70
Mon Apr 16 12:30:40 2018	1523903440	1	69	70	68
Mon Apr 16 12:30:37 2018	1523903437	0	70	70	70
Mon Apr 16 12:30:39 2018	1523903439	0	71	71	71
Mon Apr 16 12:30:39 2018	1523903439	0	71	71	71
Mon Apr 16 12:30:37 2018	1523903437	1	70	71	70
Mon Apr 16 12:30:39 2018	1523903439	0	71	71	71
Mon Apr 16 12:30:39 2018	1523903439	0	71	71	71
Mon Apr 16 12:30:37 2018	1523903437	0	72	72	71
Mon Apr 16 12:30:39 2018	1523903439	0	72	72	72
Mon Apr 16 12:30:40 2018	1523903440	0	74	74	74
Mon Apr 16 12:30:39 2018	1523903439	0	74	74	74
Mon Apr 16 12:30:39 2018	1523903439	1	73	74	73
Mon Apr 16 12:30:37 2018	1523903437	1	74	75	74
Mon Apr 16 12:30:40 2018	1523903440	0	75	75	75
Mon Apr 16 12:30:37 2018	1523903437	0	76	76	76
Mon Apr 16 12:30:40 2018	1523903440	1	78	79	78
Mon Apr 16 12:30:40 2018	1523903440	0	79	79	79
Mon Apr 16 12:30:38 2018	1523903438	0	79	79	79
Mon Apr 16 12:30:38 2018	1523903438	0	79	79	79
Mon Apr 16 12:30:39 2018	1523903439	0	79	79	79
Mon Apr 16 12:30:37 2018	1523903437	0	80	80	80
Mon Apr 16 12:30:37 2018	1523903437	0	80	80	80
Mon Apr 16 12:30:40 2018	1523903440	1	79	80	79
Mon Apr 16 12:30:37 2018	1523903437	1	80	81	80
Mon Apr 16 12:30:40 2018	1523903440	0	81	81	81
Mon Apr 16 12:30:40 2018	1523903440	0	82	82	82
Mon Apr 16 12:30:39 2018	1523903439	1	81	82	81
Mon Apr 16 12:30:39 2018	1523903439	0	84	84	84
Mon Apr 16 12:30:39 2018	1523903439	0	84	84	84
Mon Apr 16 12:30:40 2018	1523903440	0	85	85	85
Mon Apr 16 12:30:39 2018	1523903439	0	85	85	85
Mon Apr 16 12:30:37 2018	1523903437	0	86	86	86
Mon Apr 16 12:30:39 2018	1523903439	0	86	86	85
Mon Apr 16 12:30:37 2018	1523903437	1	85	86	85
Mon Apr 16 12:30:40 2018	1523903440	0	87	87	87
Mon Apr 16 12:30:38 2018	1523903438	0	87	87	87
Mon Apr 16 12:30:38 2018	1523903438	1	86	87	86
Mon Apr 16 12:30:39 2018	1523903439	0	87	87	87
Mon Apr 16 12:30:39 2018	1523903439	0	87	87	87
Mon Apr 16 12:30:39 2018	1523903439	0	87	87	87
Mon Apr 16 12:30:39 2018	1523903439	1	88	89	88
Mon Apr 16 12:30:40 2018	1523903440	0	90	90	90
Mon Apr 16 12:30:38 2018	1523903438	0	90	90	90
Mon Apr 16 12:30:39 2018	1523903439	1	89	90	89
Mon Apr 16 12:30:40 2018	1523903440	0	91	91	91
Mon Apr 16 12:30:39 2018	1523903439	0	91	91	91
Mon Apr 16 12:30:39 2018	1523903439	0	91	91	91
Mon Apr 16 12:30:40 2018	1523903440	0	93	93	93
Mon Apr 16 12:30:37 2018	1523903437	1	92	93	92
Mon Apr 16 12:30:38 2018	1523903438	0	95	95	95
Mon Apr 16 12:30:37 2018	1523903437	0	96	96	96
Mon Apr 16 12:30:37 2018	1523903437	0	97	97	97
Mon Apr 16 12:30:37 2018	1523903437	0	97	97	97
Mon Apr 16 12:30:37 2018	1523903437	0	98	98	98
Mon Apr 16 12:30:38 2018	1523903438	0	101	101	101
Mon Apr 16 12:30:37 2018	1523903437	0	102	102	102
Mon Apr 16 12:30:40 2018	1523903440	1	105	106	105
Mon Apr 16 12:30:37 2018	1523903437	1	106	107	106
Mon Apr 16 12:30:36 2018	1523903436	0	109	109	109
Mon Apr 16 12:30:37 2018	1523903437	0	109	109	109
Mon Apr 16 12:30:37 2018	1523903437	0	111	111	111
Mon Apr 16 12:30:36 2018	1523903436	0	113	113	113
Mon Apr 16 12:30:37 2018	1523903437	0	116	116	115
Mon Apr 16 12:30:37 2018	1523903437	0	116	116	115
Mon Apr 16 12:30:38 2018	1523903438	0	116	116	116
Mon Apr 16 12:30:39 2018	1523903439	0	121	121	121
Mon Apr 16 12:30:39 2018	1523903439	0	123	123	123
Mon Apr 16 12:30:37 2018	1523903437	0	124	124	124
Mon Apr 16 12:30:37 2018	1523903437	0	126	126	126
Mon Apr 16 12:30:37 2018	1523903437	1	125	126	125
Mon Apr 16 12:30:40 2018	1523903440	0	126	126	126
Mon Apr 16 12:30:37 2018	1523903437	0	129	129	129
Mon Apr 16 12:30:37 2018	1523903437	0	130	130	130
Mon Apr 16 12:30:37 2018	1523903437	0	137	137	137
Mon Apr 16 12:30:37 2018	1523903437	1	139	140	139
Mon Apr 16 12:30:37 2018	1523903437	0	141	141	141
Mon Apr 16 12:30:37 2018	1523903437	1	140	141	140
Mon Apr 16 12:30:36 2018	1523903436	0	143	143	143
Mon Apr 16 12:30:37 2018	1523903437	0	153	153	152
Mon Apr 16 12:30:37 2018	1523903437	0	155	155	155
Mon Apr 16 12:30:40 2018	1523903440	0	156	156	156
Mon Apr 16 12:30:37 2018	1523903437	0	164	164	164
Mon Apr 16 12:30:37 2018	1523903437	0	174	174	174
Mon Apr 16 12:30:36 2018	1523903436	0	177	177	177
Mon Apr 16 12:30:37 2018	1523903437	0	185	185	185
Mon Apr 16 12:30:36 2018	1523903436	0	187	187	187
Mon Apr 16 12:30:36 2018	1523903436	0	242	242	242
